ㄅㄚ,ba,八
ㄅㄚˊ,bá,拔
ㄅㄚˇ,bǎ,把
ㄅㄚˋ,bà,霸
ㄅㄚ˙,bạ,吧
ㄅㄛ,bo,玻
ㄅㄛˊ,bó,博
ㄅㄛˇ,bǒ,跛
ㄅㄛˋ,bò,擘
ㄅㄛ˙,bọ,蔔
ㄅㄞ,bai,掰
ㄅㄞˊ,baí,白
ㄅㄞˇ,baǐ,百
ㄅㄞˋ,baì,敗
ㄅㄞ˙,,
ㄅㄟ,bei,杯
ㄅㄟˊ,,
ㄅㄟˇ,beǐ,北
ㄅㄟˋ,beì,倍
ㄅㄟ˙,beị,唄
ㄅㄠ,bao,包
ㄅㄠˊ,baó,雹
ㄅㄠˇ,baǒ,飽
ㄅㄠˋ,baò,抱
ㄅㄠ˙,baọ,寶
ㄅㄢ,ban,班
ㄅㄢˊ,,
ㄅㄢˇ,bǎn,板
ㄅㄢˋ,bàn,半
ㄅㄢ˙,,
ㄅㄣ,ben,奔
ㄅㄣˊ,,
ㄅㄣˇ,běn,本
ㄅㄣˋ,bèn,笨
ㄅㄣ˙,,
ㄅㄤ,bang,邦
ㄅㄤˊ,,
ㄅㄤˇ,bǎng,綁
ㄅㄤˋ,bàng,棒
ㄅㄤ˙,,
ㄅㄥ,beng,崩
ㄅㄥˊ,béng,甭
ㄅㄥˇ,běng,埲
ㄅㄥˋ,bèng,蹦
ㄅㄥ˙,,
ㄅㄧ,bi,逼
ㄅㄧˊ,bí,鼻
ㄅㄧˇ,bǐ,筆
ㄅㄧˋ,bì,必
ㄅㄧ˙,,　
ㄅㄧㄝ,bieh,憋
ㄅㄧㄝˊ,biéh,別
ㄅㄧㄝˇ,biěh,癟
ㄅㄧㄝˋ,bièh,彆
ㄅㄧㄝ˙,,　
ㄅㄧㄠ,biao,標
ㄅㄧㄠˊ,,　
ㄅㄧㄠˇ,biaǒ,表
ㄅㄧㄠˋ,biaò,鰾
ㄅㄧㄠ˙,,　
ㄅㄧㄢ,bian,編
ㄅㄧㄢˊ,,　
ㄅㄧㄢˇ,biǎn,扁
ㄅㄧㄢˋ,biàn,變
ㄅㄧㄢ˙,,　
ㄅㄧㄣ,bin,彬
ㄅㄧㄣˊ,,　
ㄅㄧㄣˇ,,　
ㄅㄧㄣˋ,bìn,殯
ㄅㄧㄣ˙,,　
ㄅㄧㄥ,bing,冰
ㄅㄧㄥˊ,,　
ㄅㄧㄥˇ,bǐng,丙
ㄅㄧㄥˋ,bìng,並
ㄅㄧㄥ˙,,
ㄅㄨ,bu,晡
ㄅㄨˊ,bú,不
ㄅㄨˇ,bǔ,補
ㄅㄨˋ,bù,布
ㄅㄨ˙,,　
(ㄅㄨㄛ),buo,玻
(ㄅㄨㄛˊ),buó,博
(ㄅㄨㄛˇ),buǒ,跛
(ㄅㄨㄛˋ),buò,擘
(ㄅㄨㄛ˙),buọ,蔔
(ㄅㄨㄥ),bong,崩
(ㄅㄨㄥˊ),bóng,甭
(ㄅㄨㄥˇ),bǒng,埲
(ㄅㄨㄥˋ),bòng,蹦
(ㄅㄨㄥ˙),,
ㄆㄚ,pa,葩
ㄆㄚˊ,pá,爬
ㄆㄚˇ,,　
ㄆㄚˋ,pà,怕
ㄆㄚ˙,,　
ㄆㄛ,po,波
ㄆㄛˊ,pó,皤
ㄆㄛˇ,pǒ,頗
ㄆㄛˋ,pò,破
ㄆㄛ˙,pọ,婆
ㄆㄞ,pai,拍
ㄆㄞˊ,paí,排
ㄆㄞˇ,paǐ,俖
ㄆㄞˋ,paì,派
ㄆㄞ˙,,　
ㄆㄟ,pei,胚
ㄆㄟˊ,peí,培
ㄆㄟˇ,peǐ,琣
ㄆㄟˋ,peì,配
ㄆㄟ˙,,　
ㄆㄠ,pao,拋
ㄆㄠˊ,paó,袍
ㄆㄠˇ,paǒ,跑
ㄆㄠˋ,paò,泡
ㄆㄠ˙,,
ㄆㄡ,pou,吥
ㄆㄡˊ,poú,抔
ㄆㄡˇ,poǔ,剖
ㄆㄡˋ,,　
ㄆㄡ˙,,
ㄆㄢ,pan,潘
ㄆㄢˊ,pán,盤
ㄆㄢˇ,pǎn,坢
ㄆㄢˋ,pàn,判
ㄆㄢ˙,,
ㄆㄣ,pen,噴
ㄆㄣˊ,pén,盆
ㄆㄣˇ,pěn,翉
ㄆㄣˋ,pèn,噴
ㄆㄣ˙,,
ㄆㄤ,pang,滂
ㄆㄤˊ,páng,旁
ㄆㄤˇ,pǎng,嗙
ㄆㄤˋ,pàng,胖
ㄆㄤ˙,,
ㄆㄥ,peng,烹
ㄆㄥˊ,péng,朋
ㄆㄥˇ,pěng,捧
ㄆㄥˋ,pèng,碰
ㄆㄥ˙,,
ㄆㄧ,pi,披
ㄆㄧˊ,pí,皮
ㄆㄧˇ,pǐ,痞
ㄆㄧˋ,pì,闢
ㄆㄧ˙,,　
ㄆㄧㄝ,pieh,瞥
ㄆㄧㄝˊ,,　
ㄆㄧㄝˇ,piěh,撇
ㄆㄧㄝˋ,pièh,嫳
ㄆㄧㄝ˙,,　
ㄆㄧㄠ,piao,飄
ㄆㄧㄠˊ,piaó,瓢
ㄆㄧㄠˇ,piaǒ,縹
ㄆㄧㄠˋ,piaò,票
ㄆㄧㄠ˙,,　
ㄆㄧㄢ,pian,偏
ㄆㄧㄢˊ,pián,胼
ㄆㄧㄢˇ,piǎn,覑
ㄆㄧㄢˋ,piàn,片
ㄆㄧㄢ˙,,　
ㄆㄧㄣ,pin,拼
ㄆㄧㄣˊ,pín,頻
ㄆㄧㄣˇ,pǐn,品
ㄆㄧㄣˋ,pìn,聘
ㄆㄧㄣ˙,,　
ㄆㄧㄥ,ping,乒
ㄆㄧㄥˊ,píng,平
ㄆㄧㄥˇ,pǐng,絣
ㄆㄧㄥˋ,pìng,聘
ㄆㄧㄥ˙,,
ㄆㄨ,pu,鋪
ㄆㄨˊ,pú,葡
ㄆㄨˇ,pǔ,普
ㄆㄨˋ,pù,曝
ㄆㄨ˙,,　
(ㄆㄨㄛ),puo,波
(ㄆㄨㄛˊ),puó,皤
(ㄆㄨㄛˇ),puǒ,頗
(ㄆㄨㄛˋ),può,破
(ㄆㄨㄛ˙),puọ,婆
(ㄆㄨㄥ),pong,烹
(ㄆㄨㄥˊ),póng,朋
(ㄆㄨㄥˇ),pǒng,捧
(ㄆㄨㄥˋ),pòng,碰
(ㄆㄨㄥ˙),,
ㄇㄚ,ma,媽
ㄇㄚˊ,má,麻
ㄇㄚˇ,mǎ,馬
ㄇㄚˋ,mà,罵
ㄇㄚ˙,mạ,嗎
ㄇㄛ,mo,摸
ㄇㄛˊ,mó,摩
ㄇㄛˇ,mǒ,抹
ㄇㄛˋ,mò,默
ㄇㄛ˙,mọ,尛
ㄇㄜ,,　
ㄇㄜˊ,,　
ㄇㄜˇ,,　
ㄇㄜˋ,,
ㄇㄜ˙,mẹ,麼
ㄇㄞ,,
ㄇㄞˊ,maí,埋
ㄇㄞˇ,maǐ,買
ㄇㄞˋ,maì,賣
ㄇㄞ˙,,　
ㄇㄟ,,
ㄇㄟˊ,meí,沒
ㄇㄟˇ,meǐ,美
ㄇㄟˋ,meì,魅
ㄇㄟ˙,meị,妹
ㄇㄠ,mao,貓
ㄇㄠˊ,maó,毛
ㄇㄠˇ,maǒ,卯
ㄇㄠˋ,maò,茂
ㄇㄠ˙,,　
ㄇㄡ,,
ㄇㄡˊ,moú,謀
ㄇㄡˇ,moǔ,某
ㄇㄡˋ,moù,愗
ㄇㄡ˙,,　
ㄇㄢ,man,屘
ㄇㄢˊ,mán,蠻
ㄇㄢˇ,mǎn,滿
ㄇㄢˋ,màn,慢
ㄇㄢ˙,,　
ㄇㄣ,men,悶
ㄇㄣˊ,mén,門
ㄇㄣˇ,měn,暪
ㄇㄣˋ,mèn,燜
ㄇㄣ˙,mẹn,們
ㄇㄤ,,
ㄇㄤˊ,máng,忙
ㄇㄤˇ,mǎng,莽
ㄇㄤˋ,màng,吂
ㄇㄤ˙,,　
ㄇㄥ,meng,矇
ㄇㄥˊ,méng,盟
ㄇㄥˇ,měng,猛
ㄇㄥˋ,mèng,夢
ㄇㄥ˙,,
ㄇㄧ,mi,咪
ㄇㄧˊ,mí,迷
ㄇㄧˇ,mǐ,米
ㄇㄧˋ,mì,密
ㄇㄧ˙,,　
ㄇㄧㄝ,mieh,咩
ㄇㄧㄝˊ,miéh,𧴯
ㄇㄧㄝˇ,,　
ㄇㄧㄝˋ,mièh,滅
ㄇㄧㄝ˙,,　
ㄇㄧㄠ,miao,喵
ㄇㄧㄠˊ,miaó,苗
ㄇㄧㄠˇ,miaǒ,秒
ㄇㄧㄠˋ,miaò,妙
ㄇㄧㄠ˙,,　
ㄇㄧㄡ,miou,唒
ㄇㄧㄡˊ,,　
ㄇㄧㄡˇ,,　
ㄇㄧㄡˋ,mioù,謬
ㄇㄧㄡ˙,,　
ㄇㄧㄢ,,
ㄇㄧㄢˊ,mián,棉
ㄇㄧㄢˇ,miǎn,免
ㄇㄧㄢˋ,miàn,面
ㄇㄧㄢ˙,,　
ㄇㄧㄣ,,
ㄇㄧㄣˊ,mín,民
ㄇㄧㄣˇ,mǐn,敏
ㄇㄧㄣˋ,,　
ㄇㄧㄣ˙,,
ㄇㄧㄥ,,
ㄇㄧㄥˊ,míng,明
ㄇㄧㄥˇ,mǐng,姳
ㄇㄧㄥˋ,mìng,命
ㄇㄧㄥ˙,,
(ㄇㄧㄨ),miu,唒
(ㄇㄧㄨˊ),,　
(ㄇㄧㄨˇ),,　
(ㄇㄧㄨˋ),miù,謬
(ㄇㄧㄨ˙),,　
ㄇㄨ,,
ㄇㄨˊ,mú,橅
ㄇㄨˇ,mǔ,母
ㄇㄨˋ,mù,目
ㄇㄨ˙,,　
(ㄇㄨㄛ),muo,摸
(ㄇㄨㄛˊ),muó,摩
(ㄇㄨㄛˇ),muǒ,抹
(ㄇㄨㄛˋ),muò,默
(ㄇㄨㄛ˙),muọ,尛
(ㄇㄨㄥ),mong,矇
(ㄇㄨㄥˊ),móng,盟
(ㄇㄨㄥˇ),mǒng,猛
(ㄇㄨㄥˋ),mòng,夢
(ㄇㄨㄥ˙),,
ㄈㄚ,fa,發
ㄈㄚˊ,fá,罰
ㄈㄚˇ,fǎ,髮
ㄈㄚˋ,fà,法
ㄈㄚ˙,,　
ㄈㄛ,,
ㄈㄛˊ,fó,佛
ㄈㄛˇ,,　
ㄈㄛˋ,,　
ㄈㄛ˙,,　
ㄈㄟ,fei,飛
ㄈㄟˊ,feí,肥
ㄈㄟˇ,feǐ,匪
ㄈㄟˋ,feì,費
ㄈㄟ˙,,　
ㄈㄡ,,
ㄈㄡˊ,foú,芣
ㄈㄡˇ,foǔ,否
ㄈㄡˋ,,　
ㄈㄡ˙,,　
ㄈㄢ,fan,翻
ㄈㄢˊ,fán,凡
ㄈㄢˇ,fǎn,反
ㄈㄢˋ,fàn,飯
ㄈㄢ˙,,　
ㄈㄣ,fen,分
ㄈㄣˊ,fén,焚
ㄈㄣˇ,fěn,粉
ㄈㄣˋ,fèn,奮
ㄈㄣ˙,fẹn,噴
ㄈㄤ,fang,方
ㄈㄤˊ,fáng,房
ㄈㄤˇ,fǎng,訪
ㄈㄤˋ,fàng,放
ㄈㄤ˙,,　
ㄈㄥ,feng,風
ㄈㄥˊ,féng,逢
ㄈㄥˇ,fěng,唪
ㄈㄥˋ,fèng,鳳
ㄈㄥ˙,,
ㄈㄨ,fu,夫
ㄈㄨˊ,fú,服
ㄈㄨˇ,fǔ,府
ㄈㄨˋ,fù,傅
ㄈㄨ˙,,　
(ㄈㄨㄛ),,
(ㄈㄨㄛˊ),fuó,佛
(ㄈㄨㄛˇ),,　
(ㄈㄨㄛˋ),,　
(ㄈㄨㄛ˙),,　
(ㄈㄨㄥ),fong,風
(ㄈㄨㄥˊ),fóng,逢
(ㄈㄨㄥˇ),fǒng,唪
(ㄈㄨㄥˋ),fòng,鳳
(ㄈㄨㄥ˙),,
ㄉㄚ,da,搭
ㄉㄚˊ,dá,達
ㄉㄚˇ,dǎ,打
ㄉㄚˋ,dà,大
ㄉㄚ˙,dạ,瘩
ㄉㄜ,,
ㄉㄜˊ,dé,德
ㄉㄜˇ,,　
ㄉㄜˋ,,　
ㄉㄜ˙,dẹ,的
ㄉㄞ,dai,呆
ㄉㄞˊ,,　
ㄉㄞˇ,daǐ,逮
ㄉㄞˋ,daì,代
ㄉㄞ˙,,　
ㄉㄟ,,　
ㄉㄟˊ,,
ㄉㄟˇ,deǐ,得
ㄉㄟˋ,,　
ㄉㄟ˙,,　
ㄉㄠ,dao,刀
ㄉㄠˊ,daó,捯
ㄉㄠˇ,daǒ,導
ㄉㄠˋ,daò,到
ㄉㄠ˙,,　
ㄉㄡ,dou,兜
ㄉㄡˊ,,　
ㄉㄡˇ,doǔ,斗
ㄉㄡˋ,doù,豆
ㄉㄡ˙,,　
ㄉㄢ,dan,丹
ㄉㄢˊ,dán,馾
ㄉㄢˇ,dǎn,膽
ㄉㄢˋ,dàn,但
ㄉㄢ˙,,　
ㄉㄤ,dang,當
ㄉㄤˊ,,　
ㄉㄤˇ,dǎng,黨
ㄉㄤˋ,dàng,盪
ㄉㄤ˙,,　
ㄉㄥ,deng,登
ㄉㄥˊ,,　
ㄉㄥˇ,děng,等
ㄉㄥˋ,dèng,鄧
ㄉㄥ˙,,
(ㄉㄦ),,
(ㄉㄦˊ),dér,德
(ㄉㄦˇ),,
(ㄉㄦˋ),,
(ㄉㄦ˙),dẹr,的
ㄉㄧ,di,低
ㄉㄧˊ,dí,迪
ㄉㄧˇ,dǐ,底
ㄉㄧˋ,dì,地
ㄉㄧ˙,dị,弟
ㄉㄧㄝ,dieh,爹
ㄉㄧㄝˊ,diéh,蝶
ㄉㄧㄝˇ,,　
ㄉㄧㄝˋ,dièh,耊
ㄉㄧㄝ˙,diẹh,爹
ㄉㄧㄠ,diao,刁
ㄉㄧㄠˊ,,　
ㄉㄧㄠˇ,diaǒ,屌
ㄉㄧㄠˋ,diaò,吊
ㄉㄧㄠ˙,,　
ㄉㄧㄡ,diou,丟
ㄉㄧㄡˊ,,　
ㄉㄧㄡˇ,,　
ㄉㄧㄡˋ,,　
ㄉㄧㄡ˙,,　
ㄉㄧㄢ,dian,巔
ㄉㄧㄢˊ,,　
ㄉㄧㄢˇ,diǎn,點
ㄉㄧㄢˋ,diàn,電
ㄉㄧㄢ˙,,　
ㄉㄧㄥ,ding,丁
ㄉㄧㄥˊ,,　
ㄉㄧㄥˇ,dǐng,頂
ㄉㄧㄥˋ,dìng,訂
ㄉㄧㄥ˙,,
(ㄉㄧㄨ),diu,丟
(ㄉㄧㄨˊ),,　
(ㄉㄧㄨˇ),,　
(ㄉㄧㄨˋ),,　
(ㄉㄧㄨ˙),,　
ㄉㄨ,du,督
ㄉㄨˊ,dú,讀
ㄉㄨˇ,dǔ,篤
ㄉㄨˋ,dù,度
ㄉㄨ˙,,　
ㄉㄨㄛ,duo,多
ㄉㄨㄛˊ,duó,奪
ㄉㄨㄛˇ,duǒ,躲
ㄉㄨㄛˋ,duò,舵
ㄉㄨㄛ˙,duọ,朵
ㄉㄨㄟ,duei,堆
ㄉㄨㄟˊ,,　
ㄉㄨㄟˇ,,　
ㄉㄨㄟˋ,dueì,對
ㄉㄨㄟ˙,,　
ㄉㄨㄢ,duan,端
ㄉㄨㄢˊ,,　
ㄉㄨㄢˇ,duǎn,短
ㄉㄨㄢˋ,duàn,段
ㄉㄨㄢ˙,,　
ㄉㄨㄣ,dun,敦
ㄉㄨㄣˊ,,　
ㄉㄨㄣˇ,dǔn,盹
ㄉㄨㄣˋ,dùn,頓
ㄉㄨㄣ˙,,　
ㄉㄨㄥ,dong,東
ㄉㄨㄥˊ,,　
ㄉㄨㄥˇ,dǒng,懂
ㄉㄨㄥˋ,dòng,動
ㄉㄨㄥ˙,,
(ㄉㄨㄧ),dui,堆
(ㄉㄨㄧˊ),,　
(ㄉㄨㄧˇ),,　
(ㄉㄨㄧˋ),duì,對
(ㄉㄨㄧ˙),,
ㄊㄚ,ta,他
ㄊㄚˊ,,　
ㄊㄚˇ,tǎ,塔
ㄊㄚˋ,tà,踏
ㄊㄚ˙,,　
ㄊㄜ,te,忒
ㄊㄜˊ,,　
ㄊㄜˇ,,　
ㄊㄜˋ,tè,特
ㄊㄜ˙,,　
ㄊㄞ,tai,胎
ㄊㄞˊ,taí,台
ㄊㄞˇ,,　
ㄊㄞˋ,teì,泰
ㄊㄞ˙,teị,太
ㄊㄠ,tao,滔
ㄊㄠˊ,taó,桃
ㄊㄠˇ,taǒ,討
ㄊㄠˋ,taò,套
ㄊㄠ˙,,　
ㄊㄡ,tou,偷
ㄊㄡˊ,toú,投
ㄊㄡˇ,toǔ,鈄
ㄊㄡˋ,toù,透
ㄊㄡ˙,toụ,頭
ㄊㄢ,tan,攤
ㄊㄢˊ,tán,談
ㄊㄢˇ,tǎn,坦
ㄊㄢˋ,tàn,探
ㄊㄢ˙,,　
ㄊㄤ,tang,湯
ㄊㄤˊ,táng,唐
ㄊㄤˇ,tǎng,躺
ㄊㄤˋ,tàng,燙
ㄊㄤ˙,,　
ㄊㄥ,teng,膯
ㄊㄥˊ,téng,疼
ㄊㄥˇ,,
ㄊㄥˋ,,
ㄊㄥ˙,,
(ㄊㄦ),ter,忒
(ㄊㄦˊ),,　
(ㄊㄦˇ),,　
(ㄊㄦˋ),tèr,特
(ㄊㄦ˙),,　
ㄊㄧ,ti,梯
ㄊㄧˊ,tí,提
ㄊㄧˇ,tǐ,體
ㄊㄧˋ,tì,替
ㄊㄧ˙,,　
ㄊㄧㄝ,tieh,貼
ㄊㄧㄝˊ,,　
ㄊㄧㄝˇ,tiěh,鐵
ㄊㄧㄝˋ,tièh,帖
ㄊㄧㄝ˙,,　
ㄊㄧㄠ,tiao,挑
ㄊㄧㄠˊ,tiaó,條
ㄊㄧㄠˇ,tiaǒ,窕
ㄊㄧㄠˋ,tiaò,跳
ㄊㄧㄠ˙,,　
ㄊㄧㄢ,tian,天
ㄊㄧㄢˊ,tián,田
ㄊㄧㄢˇ,tiǎn,舔
ㄊㄧㄢˋ,tiàn,瑱
ㄊㄧㄢ˙,,　
ㄊㄧㄥ,ting,聽
ㄊㄧㄥˊ,tíng,停
ㄊㄧㄥˇ,tǐng,挺
ㄊㄧㄥˋ,tìng,忊
ㄊㄧㄥ˙,,
ㄊㄨ,tu,禿
ㄊㄨˊ,tú,圖
ㄊㄨˇ,tǔ,土
ㄊㄨˋ,tù,吐
ㄊㄨ˙,,　
ㄊㄨㄛ,tuo,拖
ㄊㄨㄛˊ,tuó,陀
ㄊㄨㄛˇ,tuǒ,妥
ㄊㄨㄛˋ,tuò,拓
ㄊㄨㄛ˙,,　
ㄊㄨㄟ,tuei,推
ㄊㄨㄟˊ,tueí,頹
ㄊㄨㄟˇ,tueǐ,腿
ㄊㄨㄟˋ,tueì,退
ㄊㄨㄟ˙,,
ㄊㄨㄢ,tuan,湍
ㄊㄨㄢˊ,tuán,團
ㄊㄨㄢˇ,tuán,畽
ㄊㄨㄢˋ,tuàn,彖
ㄊㄨㄢ˙,,　
ㄊㄨㄣ,tun,吞
ㄊㄨㄣˊ,tún,屯
ㄊㄨㄣˇ,tǔn,吨
ㄊㄨㄣˋ,tùn,褪
ㄊㄨㄣ˙,,　
ㄊㄨㄥ,tong,通
ㄊㄨㄥˊ,tóng,同
ㄊㄨㄥˇ,tǒng,統
ㄊㄨㄥˋ,tòng,痛
ㄊㄨㄥ˙,,
(ㄊㄨㄧ),tui,推
(ㄊㄨㄧˊ),tuí,頹
(ㄊㄨㄧˇ),tuǐ,腿
(ㄊㄨㄧˋ),tuì,退
(ㄊㄨㄧ˙),,
ㄋㄚ,na,哪
ㄋㄚˊ,ná,拿
ㄋㄚˇ,nǎ,那
ㄋㄚˋ,nà,納
ㄋㄚ˙,nạ,哪
ㄋㄜ,ne,呢
ㄋㄜˊ,,　
ㄋㄜˇ,,　
ㄋㄜˋ,nè,訥
ㄋㄜ˙,nẹ,呢
ㄋㄞ,,
ㄋㄞˊ,naí,孻
ㄋㄞˇ,naǐ,乃
ㄋㄞˋ,naì,奈
ㄋㄞ˙,naị,奶
ㄋㄟ,,　
ㄋㄟˊ,,
ㄋㄟˇ,neǐ,餒
ㄋㄟˋ,neì,內
ㄋㄟ˙,,　
ㄋㄠ,nao,孬
ㄋㄠˊ,naó,撓
ㄋㄠˇ,naǒ,腦
ㄋㄠˋ,naò,鬧
ㄋㄠ˙,,　
ㄋㄡ,,
ㄋㄡˊ,noú,譨
ㄋㄡˇ,noǔ,啂
ㄋㄡˋ,noù,耨
ㄋㄡ˙,,　
ㄋㄢ,nan,囝
ㄋㄢˊ,nán,南
ㄋㄢˇ,nǎn,腩
ㄋㄢˋ,nàn,婻
ㄋㄢ˙,,　
ㄋㄣ,nen,黁
ㄋㄣˊ,,　
ㄋㄣˇ,,　
ㄋㄣˋ,nèn,嫩
ㄋㄣ˙,,　
ㄋㄤ,nang,囔
ㄋㄤˊ,náng,囊
ㄋㄤˇ,nǎng,攮
ㄋㄤˋ,nàng,儾
ㄋㄤ˙,nạng,囔
ㄋㄥ,,
ㄋㄥˊ,néng,能
ㄋㄥˇ,,　
ㄋㄥˋ,nèng,濘
ㄋㄥ˙,,
(ㄋㄦ),ner,呢
(ㄋㄦˊ),,　
(ㄋㄦˇ),,　
(ㄋㄦˋ),nèr,訥
(ㄋㄦ˙),nẹr,呢
ㄋㄧ,,
ㄋㄧˊ,ní,尼
ㄋㄧˇ,nǐ,你
ㄋㄧˋ,nì,逆
ㄋㄧ˙,,　
ㄋㄧㄝ,nieh,捏
ㄋㄧㄝˊ,niéh,苶
ㄋㄧㄝˇ,,　
ㄋㄧㄝˋ,nièh,聶
ㄋㄧㄝ˙,,　
ㄋㄧㄠ,,　
ㄋㄧㄠˊ,,
ㄋㄧㄠˇ,niaǒ,鳥
ㄋㄧㄠˋ,niaò,尿
ㄋㄧㄠ˙,,　
ㄋㄧㄡ,niou,妞
ㄋㄧㄡˊ,nioú,牛
ㄋㄧㄡˇ,nioǔ,紐
ㄋㄧㄡˋ,nioù,拗
ㄋㄧㄡ˙,,　
ㄋㄧㄢ,nian,蔫
ㄋㄧㄢˊ,nián,年
ㄋㄧㄢˇ,niǎn,碾
ㄋㄧㄢˋ,niàn,念
ㄋㄧㄢ˙,,　
ㄋㄧㄣ,,
ㄋㄧㄣˊ,nín,您
ㄋㄧㄣˇ,nǐn,拰
ㄋㄧㄣˋ,,　
ㄋㄧㄣ˙,,　
ㄋㄧㄤ,,
ㄋㄧㄤˊ,niáng,娘
ㄋㄧㄤˇ,,　
ㄋㄧㄤˋ,niàng,釀
ㄋㄧㄤ˙,niạng,娘
ㄋㄧㄥ,,
ㄋㄧㄥˊ,níng,寧
ㄋㄧㄥˇ,nǐng,擰
ㄋㄧㄥˋ,nìng,甯
ㄋㄧㄥ˙,,
(ㄋㄧㄨ),niu,妞
(ㄋㄧㄨˊ),niú,牛
(ㄋㄧㄨˇ),niǔ,紐
(ㄋㄧㄨˋ),niù,拗
(ㄋㄧㄨ˙),,　
ㄋㄨ,,
ㄋㄨˊ,nú,奴
ㄋㄨˇ,nǔ,努
ㄋㄨˋ,nù,怒
ㄋㄨ˙,,　
ㄋㄨㄛ,,
ㄋㄨㄛˊ,nuó,挪
ㄋㄨㄛˇ,nuǒ,娜
ㄋㄨㄛˋ,nuò,諾
ㄋㄨㄛ˙,　,　
ㄋㄨㄢ,,　
ㄋㄨㄢˊ,,
ㄋㄨㄢˇ,nuǎn,暖
ㄋㄨㄢˋ,,　
ㄋㄨㄢ˙,　,　
ㄋㄨㄣ,,
ㄋㄨㄣˊ,,
ㄋㄨㄣˇ,,
ㄋㄨㄣˋ,,
ㄋㄨㄣ˙,,
ㄋㄨㄥ,,
ㄋㄨㄥˊ,nóng,農
ㄋㄨㄥˇ,nǒng,繷
ㄋㄨㄥˋ,nòng,弄
ㄋㄨㄥ˙,,　
ㄋㄩ,,　
ㄋㄩˊ,,
ㄋㄩˇ,nyǔ,女
ㄋㄩˋ,nyù,恧
ㄋㄩ˙,,　
ㄋㄩㄝ,,　
ㄋㄩㄝˊ,,
ㄋㄩㄝˇ,,
ㄋㄩㄝˋ,nyuèh,虐
ㄋㄩㄝ˙,,
ㄌㄚ,la,拉
ㄌㄚˊ,lá,旯
ㄌㄚˇ,lǎ,喇
ㄌㄚˋ,là,辣
ㄌㄚ˙,lạ,啦
ㄌㄛ,,　
ㄌㄛˊ,,　
ㄌㄛˇ,,　
ㄌㄛˋ,,
ㄌㄛ˙,lọ,咯
ㄌㄜ,le,嘞
ㄌㄜˊ,,　
ㄌㄜˇ,,　
ㄌㄜˋ,lè,樂
ㄌㄜ˙,lẹ,了
ㄌㄞ,,
ㄌㄞˊ,laí,來
ㄌㄞˇ,,　
ㄌㄞˋ,laì,賴
ㄌㄞ˙,,　
ㄌㄟ,lei,勒
ㄌㄟˊ,leí,雷
ㄌㄟˇ,leǐ,壘
ㄌㄟˋ,leì,類
ㄌㄟ˙,leị,哩
ㄌㄠ,lao,撈
ㄌㄠˊ,laó,勞
ㄌㄠˇ,laǒ,老
ㄌㄠˋ,laò,烙
ㄌㄠ˙,,　
ㄌㄡ,lou,摟
ㄌㄡˊ,loú,樓
ㄌㄡˇ,loǔ,簍
ㄌㄡˋ,loù,漏
ㄌㄡ˙,loụ,喽
ㄌㄢ,lan,啉
ㄌㄢˊ,lán,藍
ㄌㄢˇ,lǎn,覽
ㄌㄢˋ,làn,爛
ㄌㄢ˙,,　
ㄌㄤ,lang,啷
ㄌㄤˊ,láng,郎
ㄌㄤˇ,lǎng,朗
ㄌㄤˋ,làng,浪
ㄌㄤ˙,,　
ㄌㄥ,,
ㄌㄥˊ,léng,稜
ㄌㄥˇ,lěng,冷
ㄌㄥˋ,lèng,愣
ㄌㄥ˙,,
(ㄌㄦ),ler,嘞
(ㄌㄦˊ),,　
(ㄌㄦˇ),,　
(ㄌㄦˋ),lèr,樂
(ㄌㄦ˙),lẹr,了
ㄌㄧ,li,哩
ㄌㄧˊ,lí,離
ㄌㄧˇ,lǐ,李
ㄌㄧˋ,lì,利
ㄌㄧ˙,lị,哩
ㄌㄧㄚ,,　
ㄌㄧㄚˊ,,
ㄌㄧㄚˇ,liǎ,倆
ㄌㄧㄚˋ,,　
ㄌㄧㄚ˙,,　
ㄌㄧㄝ,lieh,咧
ㄌㄧㄝˊ,,　
ㄌㄧㄝˇ,liěh,咧
ㄌㄧㄝˋ,lièh,列
ㄌㄧㄝ˙,liẹh,咧
ㄌㄧㄠ,liao,撩
ㄌㄧㄠˊ,liaó,療
ㄌㄧㄠˇ,liaǒ,瞭
ㄌㄧㄠˋ,liaò,料
ㄌㄧㄠ˙,,　
ㄌㄧㄡ,liou,溜
ㄌㄧㄡˊ,lioú,流
ㄌㄧㄡˇ,lioǔ,柳
ㄌㄧㄡˋ,lioù,六
ㄌㄧㄡ˙,,　
ㄌㄧㄢ,,
ㄌㄧㄢˊ,lián,廉
ㄌㄧㄢˇ,liǎn,臉
ㄌㄧㄢˋ,liàn,戀
ㄌㄧㄢ˙,,　
ㄌㄧㄣ,lin,崊
ㄌㄧㄣˊ,lín,林
ㄌㄧㄣˇ,lǐn,凜
ㄌㄧㄣˋ,lìn,賃
ㄌㄧㄣ˙,,　
ㄌㄧㄤ,,
ㄌㄧㄤˊ,líang,良
ㄌㄧㄤˇ,lǐang,兩
ㄌㄧㄤˋ,lìang,亮
ㄌㄧㄤ˙,,　
ㄌㄧㄥ,ling,拎
ㄌㄧㄥˊ,líng,玲
ㄌㄧㄥˇ,lǐng,領
ㄌㄧㄥˋ,lìng,另
ㄌㄧㄥ˙,,
(ㄌㄧㄨ),liu,溜
(ㄌㄧㄨˊ),liú,流
(ㄌㄧㄨˇ),liǔ,柳
(ㄌㄧㄨˋ),liù,六
(ㄌㄧㄨ˙),,　
ㄌㄨ,lu,嚕
ㄌㄨˊ,lú,盧
ㄌㄨˇ,lǔ,魯
ㄌㄨˋ,lù,錄
ㄌㄨ˙,lụ,氇
ㄌㄨㄛ,luo,囉
ㄌㄨㄛˊ,luó,羅
ㄌㄨㄛˇ,luǒ,裸
ㄌㄨㄛˋ,luò,落
ㄌㄨㄛ˙,luọ,囉
ㄌㄨㄢ,,
ㄌㄨㄢˊ,luán,巒
ㄌㄨㄢˇ,luǎn,卵
ㄌㄨㄢˋ,luàn,亂
ㄌㄨㄢ˙,,　
ㄌㄨㄣ,lun,掄
ㄌㄨㄣˊ,lún,輪
ㄌㄨㄣˇ,lǔn,埨
ㄌㄨㄣˋ,lùn,論
ㄌㄨㄣ˙,,　
ㄌㄨㄥ,long,巄
ㄌㄨㄥˊ,lóng,龍
ㄌㄨㄥˇ,lǒng,攏
ㄌㄨㄥˋ,lòng,衖
ㄌㄨㄥ˙,,　
ㄌㄩ,,
ㄌㄩˊ,lyú,驢
ㄌㄩˇ,lyǔ,旅
ㄌㄩˋ,lyù,律
ㄌㄩ˙,,　
ㄌㄩㄝ,,　
ㄌㄩㄝˊ,,　
ㄌㄩㄝˇ,,
ㄌㄩㄝˋ,lyuèh,掠
ㄌㄩㄝ˙,,　
ㄌㄩㄢ,,
ㄌㄩㄢˊ,lyuán,鑾
ㄌㄩㄢˇ,,
ㄌㄩㄢˋ,,
ㄌㄩㄢ˙,,
ㄍㄚ,ga,嘎
ㄍㄚˊ,gá,軋
ㄍㄚˇ,,　
ㄍㄚˋ,gà,尬
ㄍㄚ˙,gạ,價
ㄍㄜ,ge,哥
ㄍㄜˊ,gé,格
ㄍㄜˇ,gě,葛
ㄍㄜˋ,gè,各
ㄍㄜ˙,gẹ,個
ㄍㄞ,gai,該
ㄍㄞˊ,,　
ㄍㄞˇ,gaǐ,改
ㄍㄞˋ,gaì,蓋
ㄍㄞ˙,,　
ㄍㄟ,,　
ㄍㄟˊ,,
ㄍㄟˇ,geǐ,給
ㄍㄟˋ,,　
ㄍㄟ˙,,　
ㄍㄠ,gao,高
ㄍㄠˊ,,　
ㄍㄠˇ,gaǒ,搞
ㄍㄠˋ,gaò,告
ㄍㄠ˙,,　
ㄍㄡ,gou,勾
ㄍㄡˊ,,　
ㄍㄡˇ,goǔ,狗
ㄍㄡˋ,goù,購
ㄍㄡ˙,,　
ㄍㄢ,gan,乾
ㄍㄢˊ,,　
ㄍㄢˇ,gǎn,感
ㄍㄢˋ,gàn,幹
ㄍㄢ˙,,　
ㄍㄣ,gen,根
ㄍㄣˊ,gén,哏
ㄍㄣˇ,gěn,艮
ㄍㄣˋ,gèn,亙
ㄍㄣ˙,,　
ㄍㄤ,gang,岡
ㄍㄤˊ,,　
ㄍㄤˇ,gǎng,港
ㄍㄤˋ,gàng,槓
ㄍㄤ˙,,　
ㄍㄥ,geng,耕
ㄍㄥˊ,,　
ㄍㄥˇ,gěng,耿
ㄍㄥˋ,gèng,更
ㄍㄥ˙,,
(ㄍㄦ),ger,哥
(ㄍㄦˊ),gér,格
(ㄍㄦˇ),gěr,葛
(ㄍㄦˋ),gèr,各
(ㄍㄦ˙),gẹr,個
ㄍㄨ,gu,姑
ㄍㄨˊ,gú,鶻
ㄍㄨˇ,gǔ,古
ㄍㄨˋ,gù,故
ㄍㄨ˙,gụ,姑
ㄍㄨㄚ,gua,瓜
ㄍㄨㄚˊ,,　
ㄍㄨㄚˇ,guǎ,寡
ㄍㄨㄚˋ,guà,掛
ㄍㄨㄚ˙,,　
ㄍㄨㄛ,guo,郭
ㄍㄨㄛˊ,guó,國
ㄍㄨㄛˇ,guǒ,果
ㄍㄨㄛˋ,guò,過
ㄍㄨㄛ˙,,　
ㄍㄨㄞ,guai,乖
ㄍㄨㄞˊ,,　
ㄍㄨㄞˇ,guaǐ,拐
ㄍㄨㄞˋ,guaì,怪
ㄍㄨㄞ˙,,　
ㄍㄨㄟ,guei,規
ㄍㄨㄟˊ,,　
ㄍㄨㄟˇ,gueǐ,鬼
ㄍㄨㄟˋ,gueì,貴
ㄍㄨㄟ˙,,　
ㄍㄨㄢ,guan,觀
ㄍㄨㄢˊ,,　
ㄍㄨㄢˇ,guǎn,管
ㄍㄨㄢˋ,guàn,冠
ㄍㄨㄢ˙,,　
ㄍㄨㄣ,gun,裩
ㄍㄨㄣˊ,,　
ㄍㄨㄣˇ,gǔn,滾
ㄍㄨㄣˋ,gùn,棍
ㄍㄨㄣ˙,,　
ㄍㄨㄤ,guang,光
ㄍㄨㄤˊ,,　
ㄍㄨㄤˇ,guǎng,廣
ㄍㄨㄤˋ,guàng,逛
ㄍㄨㄤ˙,,　
ㄍㄨㄥ,gong,工
ㄍㄨㄥˊ,,　
ㄍㄨㄥˇ,gǒng,拱
ㄍㄨㄥˋ,gòng,共
ㄍㄨㄥ˙,,
(ㄍㄨㄧ),gui,規
(ㄍㄨㄧˊ),,　
(ㄍㄨㄧˇ),guǐ,鬼
(ㄍㄨㄧˋ),guì,貴
(ㄍㄨㄧ˙),,　
ㄎㄚ,ka,咖
ㄎㄚˊ,,　
ㄎㄚˇ,kǎ,卡
ㄎㄚˋ,kà,喀
ㄎㄚ˙,,　
ㄎㄜ,ke,科
ㄎㄜˊ,ké,殼
ㄎㄜˇ,kě,可
ㄎㄜˋ,kè,客
ㄎㄜ˙,,　
ㄎㄞ,kai,開
ㄎㄞˊ,,　
ㄎㄞˇ,kaǐ,凱
ㄎㄞˋ,kaì,慨
ㄎㄞ˙,,　
ㄎㄠ,kao,尻
ㄎㄠˊ,,　
ㄎㄠˇ,kaǒ,考
ㄎㄠˋ,kaò,靠
ㄎㄠ˙,,　
ㄎㄡ,kou,摳
ㄎㄡˊ,,　
ㄎㄡˇ,koǔ,口
ㄎㄡˋ,koù,扣
ㄎㄡ˙,,　
ㄎㄢ,kan,刊
ㄎㄢˊ,,　
ㄎㄢˇ,kǎn,坎
ㄎㄢˋ,kàn,看
ㄎㄢ˙,,　
ㄎㄣ,,　
ㄎㄣˊ,,
ㄎㄣˇ,kěn,肯
ㄎㄣˋ,kèn,掯
ㄎㄣ˙,,　
ㄎㄤ,kang,康
ㄎㄤˊ,káng,扛
ㄎㄤˇ,kǎng,忼
ㄎㄤˋ,kàng,抗
ㄎㄤ˙,,　
ㄎㄥ,keng,坑
ㄎㄥˊ,,　
ㄎㄥˇ,kěng,挳
ㄎㄥˋ,,
ㄎㄥ˙,,
(ㄎㄦ),ker,科
(ㄎㄦˊ),kér,殼
(ㄎㄦˇ),kěr,可
(ㄎㄦˋ),kèr,客
(ㄎㄦ˙),,　
ㄎㄨ,ku,枯
ㄎㄨˊ,,　
ㄎㄨˇ,kǔ,苦
ㄎㄨˋ,kù,酷
ㄎㄨ˙,,　
ㄎㄨㄚ,kua,誇
ㄎㄨㄚˊ,,　
ㄎㄨㄚˇ,kuǎ,垮
ㄎㄨㄚˋ,kuà,跨
ㄎㄨㄚ˙,,　
ㄎㄨㄛ,,　
ㄎㄨㄛˊ,,
ㄎㄨㄛˇ,kuǒ,擃
ㄎㄨㄛˋ,kuò,括
ㄎㄨㄛ˙,,　
ㄎㄨㄞ,kuai,咼
ㄎㄨㄞˊ,,　
ㄎㄨㄞˇ,kuaǐ,蒯
ㄎㄨㄞˋ,kuaì,快
ㄎㄨㄞ˙,,　
ㄎㄨㄟ,kuei,窺
ㄎㄨㄟˊ,kueí,揆
ㄎㄨㄟˇ,kueǐ,傀
ㄎㄨㄟˋ,kueì,饋
ㄎㄨㄟ˙,,　
ㄎㄨㄢ,kuan,寬
ㄎㄨㄢˊ,,　
ㄎㄨㄢˇ,kuǎn,款
ㄎㄨㄢˋ,,　
ㄎㄨㄢ˙,,　
ㄎㄨㄣ,kun,昆
ㄎㄨㄣˊ,,　
ㄎㄨㄣˇ,kǔn,綑
ㄎㄨㄣˋ,kùn,困
ㄎㄨㄣ˙,,　
ㄎㄨㄤ,kuang,框
ㄎㄨㄤˊ,kuáng,狂
ㄎㄨㄤˇ,kuǎng,俇
ㄎㄨㄤˋ,kuàng,況
ㄎㄨㄤ˙,,　
ㄎㄨㄥ,kong,空
ㄎㄨㄥˊ,,　
ㄎㄨㄥˇ,kǒng,孔
ㄎㄨㄥˋ,kòng,控
ㄎㄨㄥ˙,,
(ㄎㄨㄧ),kui,窺
(ㄎㄨㄧˊ),kuí,揆
(ㄎㄨㄧˇ),kuǐ,傀
(ㄎㄨㄧˋ),kuì,饋
(ㄎㄨㄧ˙),,　
ㄏㄚ,ha,哈
ㄏㄚˊ,há,蛤
ㄏㄚˇ,hǎ,哈
ㄏㄚˋ,,　
ㄏㄚ˙,,　
ㄏㄜ,he,喝
ㄏㄜˊ,hé,合
ㄏㄜˇ,,　
ㄏㄜˋ,hè,賀
ㄏㄜ˙,hẹ,呵
ㄏㄞ,hai,嗨
ㄏㄞˊ,haí,孩
ㄏㄞˇ,haǐ,海
ㄏㄞˋ,haì,害
ㄏㄞ˙,,　
ㄏㄟ,hei,黑
ㄏㄟˊ,,　
ㄏㄟˇ,heǐ,黑
ㄏㄟˋ,heì,嘿
ㄏㄟ˙,heị,嘿
ㄏㄠ,hao,蒿
ㄏㄠˊ,haó,豪
ㄏㄠˇ,haǒ,好
ㄏㄠˋ,haò,號
ㄏㄠ˙,,　
ㄏㄡ,hou,齁
ㄏㄡˊ,hoú,侯
ㄏㄡˇ,hoǔ,吼
ㄏㄡˋ,hoù,後
ㄏㄡ˙,,　
ㄏㄢ,han,憨
ㄏㄢˊ,hán,含
ㄏㄢˇ,hǎn,喊
ㄏㄢˋ,hàn,汗
ㄏㄢ˙,,　
ㄏㄣ,,
ㄏㄣˊ,hén,痕
ㄏㄣˇ,hěn,很
ㄏㄣˋ,hèn,恨
ㄏㄣ˙,,
ㄏㄤ,hang,夯
ㄏㄤˊ,háng,航
ㄏㄤˇ,hǎng,奛
ㄏㄤˋ,hàng,沆
ㄏㄤ˙,,　
ㄏㄥ,heng,亨
ㄏㄥˊ,héng,衡
ㄏㄥˇ,,　
ㄏㄥˋ,hèng,橫
ㄏㄥ˙,,
(ㄏㄦ),her,喝
(ㄏㄦˊ),hér,合
(ㄏㄦˇ),,　
(ㄏㄦˋ),hèr,賀
(ㄏㄦ˙),hẹr,呵
ㄏㄨ,hu,忽
ㄏㄨˊ,hú,湖
ㄏㄨˇ,hǔ,虎
ㄏㄨˋ,hù,戶
ㄏㄨ˙,hụ,呼
ㄏㄨㄚ,hua,花
ㄏㄨㄚˊ,huá,滑
ㄏㄨㄚˇ,,　
ㄏㄨㄚˋ,huà,話
ㄏㄨㄚ˙,,　
ㄏㄨㄛ,huo,劐
ㄏㄨㄛˊ,huó,活
ㄏㄨㄛˇ,huǒ,火
ㄏㄨㄛˋ,huò,或
ㄏㄨㄛ˙,huọ,和
ㄏㄨㄞ,huaí,淮
ㄏㄨㄞˊ,,　
ㄏㄨㄞˇ,,
ㄏㄨㄞˋ,huaì,壞
ㄏㄨㄞ˙,,　
ㄏㄨㄟ,huei,灰
ㄏㄨㄟˊ,hueí,回
ㄏㄨㄟˇ,hueǐ,毀
ㄏㄨㄟˋ,hueì,會
ㄏㄨㄟ˙,,　
ㄏㄨㄢ,huan,歡
ㄏㄨㄢˊ,huán,寰
ㄏㄨㄢˇ,huǎn,緩
ㄏㄨㄢˋ,huàn,換
ㄏㄨㄢ˙,,　
ㄏㄨㄣ,hun,昏
ㄏㄨㄣˊ,hún,魂
ㄏㄨㄣˇ,hǔn,混
ㄏㄨㄣˋ,hùn,俒
ㄏㄨㄣ˙,,　
ㄏㄨㄤ,huang,荒
ㄏㄨㄤˊ,huáng,黃
ㄏㄨㄤˇ,huǎng,謊
ㄏㄨㄤˋ,huàng,晃
ㄏㄨㄤ˙,,　
ㄏㄨㄥ,hong,哄
ㄏㄨㄥˊ,hóng,紅
ㄏㄨㄥˇ,hǒng,哄
ㄏㄨㄥˋ,hòng,鬨
ㄏㄨㄥ˙,,
(ㄏㄨㄧ),hui,灰
(ㄏㄨㄧˊ),huí,回
(ㄏㄨㄧˇ),huǐ,毀
(ㄏㄨㄧˋ),huì,會
(ㄏㄨㄧ˙),,　
ㄐㄧ,ji,機
ㄐㄧˊ,jí,吉
ㄐㄧˇ,jǐ,幾
ㄐㄧˋ,jì,計
ㄐㄧ˙,,　
ㄐㄧㄚ,jia,加
ㄐㄧㄚˊ,jiá,夾
ㄐㄧㄚˇ,jiǎ,甲
ㄐㄧㄚˋ,jià,價
ㄐㄧㄚ˙,,　
ㄐㄧㄝ,jieh,皆
ㄐㄧㄝˊ,jiéh,結
ㄐㄧㄝˇ,jiěh,解
ㄐㄧㄝˋ,jièh,界
ㄐㄧㄝ˙,,　
ㄐㄧㄠ,jiao,交
ㄐㄧㄠˊ,jiaó,嚼
ㄐㄧㄠˇ,jiaǒ,角
ㄐㄧㄠˋ,jiaò,叫
ㄐㄧㄠ˙,,　
ㄐㄧㄡ,jiou,糾
ㄐㄧㄡˊ,,　
ㄐㄧㄡˇ,jioǔ,九
ㄐㄧㄡˋ,jioù,就
ㄐㄧㄡ˙,jioụ,舅
ㄐㄧㄢ,jian,間
ㄐㄧㄢˊ,,　
ㄐㄧㄢˇ,jiǎn,剪
ㄐㄧㄢˋ,jiàn,見
ㄐㄧㄢ˙,,　
ㄐㄧㄣ,jin,今
ㄐㄧㄣˊ,,　
ㄐㄧㄣˇ,jǐn,僅
ㄐㄧㄣˋ,jìn,近
ㄐㄧㄣ˙,,　
ㄐㄧㄤ,jiang,江
ㄐㄧㄤˊ,,　
ㄐㄧㄤˇ,jiǎng,獎
ㄐㄧㄤˋ,jiàng,降
ㄐㄧㄤ˙,,　
ㄐㄧㄥ,jing,精
ㄐㄧㄥˊ,,　
ㄐㄧㄥˇ,jǐng,警
ㄐㄧㄥˋ,jìng,境
ㄐㄧㄥ˙,,
ㄐㄩ,jyu,居
ㄐㄩˊ,jyú,局
ㄐㄩˇ,jyǔ,舉
ㄐㄩˋ,jyù,具
ㄐㄩ˙,,　
ㄐㄩㄝ,jyueh,噘
ㄐㄩㄝˊ,jyuéh,決
ㄐㄩㄝˇ,,　
ㄐㄩㄝˋ,jyuèh,倔
ㄐㄩㄝ˙,,　
ㄐㄩㄢ,jyuan,捐
ㄐㄩㄢˊ,,　
ㄐㄩㄢˇ,jyuǎn,捲
ㄐㄩㄢˋ,jyuàn,眷
ㄐㄩㄢ˙,,　
ㄐㄩㄣ,jyun,君
ㄐㄩㄣˊ,,　
ㄐㄩㄣˇ,jyǔn,蜠
ㄐㄩㄣˋ,jyùn,俊
ㄐㄩㄣ˙,,　
ㄐㄩㄥ,jyong,冂
ㄐㄩㄥˊ,,　
ㄐㄩㄥˇ,jyǒng,窘
ㄐㄩㄥˋ,jyòng,澃
ㄐㄩㄥ˙,,
(ㄐㄧㄨ),jiu,糾
(ㄐㄧㄨˊ),,　
(ㄐㄧㄨˇ),jiǔ,九
(ㄐㄧㄨˋ),jiù,就
(ㄐㄧㄨ˙),jiụ,舅
ㄑㄧ,chi,七
ㄑㄧˊ,chí,奇
ㄑㄧˇ,chǐ,起
ㄑㄧˋ,chì,企
ㄑㄧ˙,,　
ㄑㄧㄚ,chia,掐
ㄑㄧㄚˊ,,　
ㄑㄧㄚˇ,chiǎ,酎
ㄑㄧㄚˋ,chià,洽
ㄑㄧㄚ˙,,　
ㄑㄧㄝ,chieh,切
ㄑㄧㄝˊ,chiéh,茄
ㄑㄧㄝˇ,chiěh,且
ㄑㄧㄝˋ,chièh,愜
ㄑㄧㄝ˙,,　
ㄑㄧㄠ,chiao,敲
ㄑㄧㄠˊ,chiaó,橋
ㄑㄧㄠˇ,chiaǒ,巧
ㄑㄧㄠˋ,chiaò,俏
ㄑㄧㄠ˙,,　
ㄑㄧㄡ,chiou,邱
ㄑㄧㄡˊ,chioú,球
ㄑㄧㄡˇ,chioǔ,糗
ㄑㄧㄡˋ,,　
ㄑㄧㄡ˙,,　
ㄑㄧㄢ,chian,千
ㄑㄧㄢˊ,chián,前
ㄑㄧㄢˇ,chiǎn,淺
ㄑㄧㄢˋ,chiàn,欠
ㄑㄧㄢ˙,,　
ㄑㄧㄣ,chin,親
ㄑㄧㄣˊ,chín,勤
ㄑㄧㄣˇ,chǐn,寢
ㄑㄧㄣˋ,chìn,沁
ㄑㄧㄣ˙,,　
ㄑㄧㄤ,chiang,槍
ㄑㄧㄤˊ,chiáng,強
ㄑㄧㄤˇ,chiǎng,搶
ㄑㄧㄤˋ,chiàng,嗆
ㄑㄧㄤ˙,,　
ㄑㄧㄥ,ching,青
ㄑㄧㄥˊ,chíng,情
ㄑㄧㄥˇ,chǐng,請
ㄑㄧㄥˋ,chìng,慶
ㄑㄧㄥ˙,,
(ㄑㄧㄨ),chiu,邱
(ㄑㄧㄨˊ),chiú,球
(ㄑㄧㄨˇ),chiǔ,糗
(ㄑㄧㄨˋ),,　
(ㄑㄧㄨ˙),,　
ㄑㄩ,chyu,區
ㄑㄩˊ,chyú,渠
ㄑㄩˇ,chyǔ,取
ㄑㄩˋ,chyù,去
ㄑㄩ˙,,　
ㄑㄩㄝ,chyueh,缺
ㄑㄩㄝˊ,chyuéh,瘸
ㄑㄩㄝˇ,,　
ㄑㄩㄝˋ,chyuèh,卻
ㄑㄩㄝ˙,,　
ㄑㄩㄢ,chyuan,圈
ㄑㄩㄢˊ,chyuán,全
ㄑㄩㄢˇ,chyuǎn,犬
ㄑㄩㄢˋ,chyuàn,勸
ㄑㄩㄢ˙,,　
ㄑㄩㄣ,chyun,逡
ㄑㄩㄣˊ,chyún,群
ㄑㄩㄣˇ,,　
ㄑㄩㄣˋ,,　
ㄑㄩㄣ˙,,　
ㄑㄩㄥ,chyong,芎
ㄑㄩㄥˊ,chyóng,穹
ㄑㄩㄥˇ,chyǒng,苘
ㄑㄩㄥˋ,,
ㄑㄩㄥ˙,,
ㄒㄧ,si,西
ㄒㄧˊ,sí,習
ㄒㄧˇ,sǐ,洗
ㄒㄧˋ,sì,細
ㄒㄧ˙,,　
ㄒㄧㄚ,sia,蝦
ㄒㄧㄚˊ,siá,轄
ㄒㄧㄚˇ,siǎ,閜
ㄒㄧㄚˋ,sià,下
ㄒㄧㄚ˙,,　
ㄒㄧㄝ,sieh,些
ㄒㄧㄝˊ,siéh,協
ㄒㄧㄝˇ,siěh,寫
ㄒㄧㄝˋ,sièh,謝
ㄒㄧㄝ˙,siẹh,謝
ㄒㄧㄠ,siao,消
ㄒㄧㄠˊ,siaó,洨
ㄒㄧㄠˇ,siaǒ,小
ㄒㄧㄠˋ,siaò,笑
ㄒㄧㄠ˙,,　
ㄒㄧㄡ,siou,咻
ㄒㄧㄡˊ,,　
ㄒㄧㄡˇ,sioǔ,朽
ㄒㄧㄡˋ,sioù,秀
ㄒㄧㄡ˙,,　
ㄒㄧㄢ,sian,鮮
ㄒㄧㄢˊ,sián,賢
ㄒㄧㄢˇ,siǎn,險
ㄒㄧㄢˋ,siàn,線
ㄒㄧㄢ˙,,　
ㄒㄧㄣ,sin,新
ㄒㄧㄣˊ,sín,杺
ㄒㄧㄣˇ,sǐn,伈
ㄒㄧㄣˋ,sìn,信
ㄒㄧㄣ˙,,　
ㄒㄧㄤ,siang,相
ㄒㄧㄤˊ,siáng,祥
ㄒㄧㄤˇ,siǎng,想
ㄒㄧㄤˋ,siàng,像
ㄒㄧㄤ˙,,　
ㄒㄧㄥ,sing,星
ㄒㄧㄥˊ,síng,型
ㄒㄧㄥˇ,sǐng,醒
ㄒㄧㄥˋ,sìng,性
ㄒㄧㄥ˙,,
(ㄒㄧㄨ),siu,咻
(ㄒㄧㄨˊ),,　
(ㄒㄧㄨˇ),siǔ,朽
(ㄒㄧㄨˋ),siù,秀
(ㄒㄧㄨ˙),,　
ㄒㄩ,syu,需
ㄒㄩˊ,syú,徐
ㄒㄩˇ,syǔ,許
ㄒㄩˋ,syù,續
ㄒㄩ˙,syụ,逧
ㄒㄩㄝ,syueh,靴
ㄒㄩㄝˊ,syuéh,學
ㄒㄩㄝˇ,syuěh,雪
ㄒㄩㄝˋ,syuèh,穴
ㄒㄩㄝ˙,,　
ㄒㄩㄢ,syuan,軒
ㄒㄩㄢˊ,syuán,玄
ㄒㄩㄢˇ,syuǎn,選
ㄒㄩㄢˋ,syuàn,炫
ㄒㄩㄢ˙,,　
ㄒㄩㄣ,syun,薰
ㄒㄩㄣˊ,syún,詢
ㄒㄩㄣˇ,,　
ㄒㄩㄣˋ,syùn,訊
ㄒㄩㄣ˙,,　
ㄒㄩㄥ,syong,胸
ㄒㄩㄥˊ,syóng,雄
ㄒㄩㄥˇ,,　
ㄒㄩㄥˋ,syòng,夐
ㄒㄩㄥ˙,,
ㄓ,jhih,之
ㄓˊ,jhíh,直
ㄓˇ,jhǐh,只
ㄓˋ,jhìh,至
ㄓ˙,,
ㄓㄚ,jha,扎
ㄓㄚˊ,jhá,閘
ㄓㄚˇ,jhǎ,眨
ㄓㄚˋ,jhà,詐
ㄓㄚ˙,,　
ㄓㄜ,jhe,遮
ㄓㄜˊ,jhé,折
ㄓㄜˇ,jhě,者
ㄓㄜˋ,jhè,這
ㄓㄜ˙,jhẹ,著
ㄓㄞ,jhai,摘
ㄓㄞˊ,jhaí,宅
ㄓㄞˇ,jhaǐ,窄
ㄓㄞˋ,jhaì,債
ㄓㄞ˙,,　
ㄓㄟ,,
ㄓㄟˊ,,
ㄓㄟˇ,,
ㄓㄟˋ,,
ㄓㄟ˙,,
ㄓㄠ,jhao,召
ㄓㄠˊ,jhaó,著
ㄓㄠˇ,jhaǒ,找
ㄓㄠˋ,jhaò,照
ㄓㄠ˙,,　
ㄓㄡ,jhou,周
ㄓㄡˊ,jhoú,軸
ㄓㄡˇ,jhoǔ,肘
ㄓㄡˋ,jhoù,宙
ㄓㄡ˙,,　
ㄓㄢ,jhan,沾
ㄓㄢˊ,,　
ㄓㄢˇ,jhǎn,展
ㄓㄢˋ,jhàn,站
ㄓㄢ˙,,　
ㄓㄣ,jhen,真
ㄓㄣˊ,,　
ㄓㄣˇ,jhěn,診
ㄓㄣˋ,jhèn,振
ㄓㄣ˙,,　
ㄓㄤ,jhang,張
ㄓㄤˊ,,　
ㄓㄤˇ,jhǎng,掌
ㄓㄤˋ,jhàng,障
ㄓㄤ˙,,　
ㄓㄥ,jheng,爭
ㄓㄥˊ,,　
ㄓㄥˇ,jhěng,整
ㄓㄥˋ,jhèng,政
ㄓㄥ˙,,
(ㄓㄦ),jher,遮
(ㄓㄦˊ),jhér,折
(ㄓㄦˇ),jhěr,者
(ㄓㄦˋ),jhèr,這
(ㄓㄦ˙),jhẹr,著
ㄓㄨ,jhu,朱
ㄓㄨˊ,jhú,竹
ㄓㄨˇ,jhǔ,主
ㄓㄨˋ,jhù,住
ㄓㄨ˙,,　
ㄓㄨㄚ,jhua,抓
ㄓㄨㄚˊ,,　
ㄓㄨㄚˇ,jhuǎ,爪
ㄓㄨㄚˋ,,　
ㄓㄨㄚ˙,,
ㄓㄨㄛ,jhuo,桌
ㄓㄨㄛˊ,jhuó,卓
ㄓㄨㄛˇ,,　
ㄓㄨㄛˋ,,　
ㄓㄨㄛ˙,,　
ㄓㄨㄞ,jhuai,拽
ㄓㄨㄞˊ,,　
ㄓㄨㄞˇ,jhuaǐ,跩
ㄓㄨㄞˋ,jhuaì,拽
ㄓㄨㄞ˙,,　
ㄓㄨㄟ,jhuei,追
ㄓㄨㄟˊ,,　
ㄓㄨㄟˇ,jhueǐ,沝
ㄓㄨㄟˋ,jhueì,墜
ㄓㄨㄟ˙,,　
ㄓㄨㄢ,jhuan,專
ㄓㄨㄢˊ,,　
ㄓㄨㄢˇ,jhuǎn,轉
ㄓㄨㄢˋ,jhuàn,賺
ㄓㄨㄢ˙,,　
ㄓㄨㄣ,jhun,諄
ㄓㄨㄣˊ,,　
ㄓㄨㄣˇ,jhǔn,準
ㄓㄨㄣˋ,jhùn,稕
ㄓㄨㄣ˙,,　
ㄓㄨㄤ,jhuang,莊
ㄓㄨㄤˊ,,　
ㄓㄨㄤˇ,jhuǎng,奘
ㄓㄨㄤˋ,jhuàng,狀
ㄓㄨㄤ˙,,　
ㄓㄨㄥ,jhong,中
ㄓㄨㄥˊ,,　
ㄓㄨㄥˇ,jhǒng,種
ㄓㄨㄥˋ,jhòng,重
ㄓㄨㄥ˙,,
(ㄓㄨㄧ),jhui,追
(ㄓㄨㄧˊ),,　
(ㄓㄨㄧˇ),jhuǐ,沝
(ㄓㄨㄧˋ),jhuì,墜
(ㄓㄨㄧ˙),,　
ㄔ,chih,吃
ㄔˊ,chíh,持
ㄔˇ,chǐh,尺
ㄔˋ,chìh,赤
ㄔ˙,,
ㄔㄚ,cha,差
ㄔㄚˊ,chá,查
ㄔㄚˇ,chǎ,姹
ㄔㄚˋ,chà,岔
ㄔㄚ˙,,　
ㄔㄜ,che,車
ㄔㄜˊ,,　
ㄔㄜˇ,chě,扯
ㄔㄜˋ,chè,撤
ㄔㄜ˙,,　
ㄔㄞ,chai,拆
ㄔㄞˊ,chaí,柴
ㄔㄞˇ,chaǐ,笧
ㄔㄞˋ,chaì,袃
ㄔㄞ˙,,　
ㄔㄠ,chao,超
ㄔㄠˊ,chaó,潮
ㄔㄠˇ,chaǒ,炒
ㄔㄠˋ,chaò,耖
ㄔㄠ˙,,　
ㄔㄡ,chou,抽
ㄔㄡˊ,choú,籌
ㄔㄡˇ,choǔ,丑
ㄔㄡˋ,choù,臭
ㄔㄡ˙,,　
ㄔㄢ,chan,摻
ㄔㄢˊ,chán,禪
ㄔㄢˇ,chǎn,產
ㄔㄢˋ,chàn,懺
ㄔㄢ˙,,　
ㄔㄣ,chen,琛
ㄔㄣˊ,chén,陳
ㄔㄣˇ,chěn,捵
ㄔㄣˋ,chèn,趁
ㄔㄣ˙,chẹn,伧
ㄔㄤ,chang,昌
ㄔㄤˊ,cháng,常
ㄔㄤˇ,chǎng,場
ㄔㄤˋ,chàng,唱
ㄔㄤ˙,,　
ㄔㄥ,cheng,稱
ㄔㄥˊ,chéng,成
ㄔㄥˇ,chěng,逞
ㄔㄥˋ,chèng,秤
ㄔㄥ˙,,
(ㄔㄦ),cher,車
(ㄔㄦˊ),,　
(ㄔㄦˇ),chěr,扯
(ㄔㄦˋ),chèr,撤
(ㄔㄦ˙),,　
ㄔㄨ,chu,出
ㄔㄨˊ,chú,除
ㄔㄨˇ,chǔ,楚
ㄔㄨˋ,chù,處
ㄔㄨ˙,,　
ㄔㄨㄚ,chua,欻
ㄔㄨㄚˊ,,　
ㄔㄨㄚˇ,chuǎ,抓
ㄔㄨㄚˋ,,　
ㄔㄨㄚ˙,,　
ㄔㄨㄛ,chuo,戳
ㄔㄨㄛˊ,,　
ㄔㄨㄛˇ,,　
ㄔㄨㄛˋ,chuò,綽
ㄔㄨㄛ˙,,　
ㄔㄨㄞ,chuai,搋
ㄔㄨㄞˊ,chuaí,膗
ㄔㄨㄞˇ,chuaǐ,揣
ㄔㄨㄞˋ,chuaì,踹
ㄔㄨㄞ˙,,　
ㄔㄨㄟ,chuei,吹
ㄔㄨㄟˊ,chueí,垂
ㄔㄨㄟˇ,,　
ㄔㄨㄟˋ,chueì,諈
ㄔㄨㄟ˙,,　
ㄔㄨㄢ,chuan,穿
ㄔㄨㄢˊ,chuán,傳
ㄔㄨㄢˇ,chuǎn,喘
ㄔㄨㄢˋ,chuàn,串
ㄔㄨㄢ˙,,　
ㄔㄨㄣ,chun,春
ㄔㄨㄣˊ,chún,純
ㄔㄨㄣˇ,chǔn,蠢
ㄔㄨㄣˋ,,　
ㄔㄨㄣ˙,,　
ㄔㄨㄤ,chuang,窗
ㄔㄨㄤˊ,chuáng,床
ㄔㄨㄤˇ,chuǎng,闖
ㄔㄨㄤˋ,chuàng,創
ㄔㄨㄤ˙,,　
ㄔㄨㄥ,chong,充
ㄔㄨㄥˊ,chóng,崇
ㄔㄨㄥˇ,chǒng,寵
ㄔㄨㄥˋ,chòng,銃
ㄔㄨㄥ˙,,
(ㄔㄨㄧ),chui,吹
(ㄔㄨㄧˊ),chuí,垂
(ㄔㄨㄧˇ),,　
(ㄔㄨㄧˋ),chuì,諈
(ㄔㄨㄧ˙),,　
ㄕ,shih,施
ㄕˊ,shíh,時
ㄕˇ,shǐh,始
ㄕˋ,shìh,是
ㄕ˙,shịh,匙
ㄕㄚ,sha,沙
ㄕㄚˊ,shá,啥
ㄕㄚˇ,shǎ,傻
ㄕㄚˋ,shà,霎
ㄕㄚ˙,,　
ㄕㄜ,she,奢
ㄕㄜˊ,shé,什
ㄕㄜˇ,shě,捨
ㄕㄜˋ,shè,設
ㄕㄜ˙,,　
ㄕㄞ,shai,篩
ㄕㄞˊ,,　
ㄕㄞˇ,shaǐ,骰
ㄕㄞˋ,shaì,曬
ㄕㄞ˙,,　
ㄕㄟ,,
ㄕㄟˊ,sheí,誰
ㄕㄟˇ,,　
ㄕㄟˋ,,　
ㄕㄟ˙,,　
ㄕㄠ,shao,稍
ㄕㄠˊ,shaó,韶
ㄕㄠˇ,shaǒ,少
ㄕㄠˋ,shaò,紹
ㄕㄠ˙,,　
ㄕㄡ,shou,收
ㄕㄡˊ,shoú,熟
ㄕㄡˇ,shoǔ,手
ㄕㄡˋ,shoù,瘦
ㄕㄡ˙,,　
ㄕㄢ,shan,山
ㄕㄢˊ,,　
ㄕㄢˇ,shǎn,閃
ㄕㄢˋ,shàn,善
ㄕㄢ˙,,　
ㄕㄣ,shen,伸
ㄕㄣˊ,shén,神
ㄕㄣˇ,shěn,審
ㄕㄣˋ,shèn,甚
ㄕㄣ˙,,　
ㄕㄤ,shang,商
ㄕㄤˊ,,　
ㄕㄤˇ,shǎng,賞
ㄕㄤˋ,shàng,上
ㄕㄤ˙,shạng,裳
ㄕㄥ,sheng,升
ㄕㄥˊ,shéng,繩
ㄕㄥˇ,shěng,省
ㄕㄥˋ,shèng,勝
ㄕㄥ˙,,
(ㄕㄦ),sher,奢
(ㄕㄦˊ),shér,什
(ㄕㄦˇ),shěr,捨
(ㄕㄦˋ),shèr,設
(ㄕㄦ˙),,　
ㄕㄨ,shu,書
ㄕㄨˊ,shú,淑
ㄕㄨˇ,shǔ,屬
ㄕㄨˋ,shù,數
ㄕㄨ˙,shụ,叔
ㄕㄨㄚ,shua,刷
ㄕㄨㄚˊ,,　
ㄕㄨㄚˇ,shuǎ,耍
ㄕㄨㄚˋ,shuà,誜
ㄕㄨㄚ˙,,　
ㄕㄨㄛ,shuo,說
ㄕㄨㄛˊ,,　
ㄕㄨㄛˇ,,　
ㄕㄨㄛˋ,shuò,碩
ㄕㄨㄛ˙,,　
ㄕㄨㄞ,shuai,摔
ㄕㄨㄞˊ,,　
ㄕㄨㄞˇ,shuaǐ,甩
ㄕㄨㄞˋ,shuaì,帥
ㄕㄨㄞ˙,,　
ㄕㄨㄟ,,
ㄕㄨㄟˊ,shueí,脽
ㄕㄨㄟˇ,shueǐ,水
ㄕㄨㄟˋ,shueì,稅
ㄕㄨㄟ˙,,　
ㄕㄨㄢ,shuan,栓
ㄕㄨㄢˊ,,　
ㄕㄨㄢˇ,,　
ㄕㄨㄢˋ,shuàn,涮
ㄕㄨㄢ˙,,　
ㄕㄨㄣ,,　
ㄕㄨㄣˊ,,
ㄕㄨㄣˇ,shǔn,吮
ㄕㄨㄣˋ,shùn,順
ㄕㄨㄣ˙,,　
ㄕㄨㄤ,shuang,霜
ㄕㄨㄤˊ,,　
ㄕㄨㄤˇ,shuǎng,爽
ㄕㄨㄤˋ,shuàng,灀
ㄕㄨㄤ˙,,
(ㄕㄨㄧ),,
(ㄕㄨㄧˊ),shuí,脽
(ㄕㄨㄧˇ),shuǐ,水
(ㄕㄨㄧˋ),shuì,稅
(ㄕㄨㄧ˙),,　
ㄖ,,
ㄖˊ,,
ㄖˇ,,
ㄖˋ,rìh,日
ㄖ˙,,
ㄖㄜ,,
ㄖㄜˊ,ré,耴
ㄖㄜˇ,rě,惹
ㄖㄜˋ,rè,熱
ㄖㄜ˙,,　
ㄖㄠ,,
ㄖㄠˊ,raó,饒
ㄖㄠˇ,raǒ,擾
ㄖㄠˋ,raò,繞
ㄖㄠ˙,,　
ㄖㄡ,,
ㄖㄡˊ,roú,柔
ㄖㄡˇ,roǔ,煣
ㄖㄡˋ,roù,肉
ㄖㄡ˙,,　
ㄖㄢ,,
ㄖㄢˊ,rán,然
ㄖㄢˇ,rǎn,染
ㄖㄢˋ,,　
ㄖㄢ˙,,　
ㄖㄣ,,
ㄖㄣˊ,rén,人
ㄖㄣˇ,rěn,忍
ㄖㄣˋ,rèn,任
ㄖㄣ˙,,　
ㄖㄤ,,
ㄖㄤˊ,ráng,攘
ㄖㄤˇ,rǎng,壤
ㄖㄤˋ,ràng,讓
ㄖㄤ˙,,　
ㄖㄥ,reng,扔
ㄖㄥˊ,réng,仍
ㄖㄥˇ,rěng,扔
ㄖㄥˋ,rèng,芿
ㄖㄥ˙,,
(ㄖㄦ),,
(ㄖㄦˊ),rér,耴
(ㄖㄦˇ),rěr,惹
(ㄖㄦˋ),rèr,熱
(ㄖㄦ˙),,
ㄖㄨ,,
ㄖㄨˊ,rú,如
ㄖㄨˇ,rǔ,乳
ㄖㄨˋ,rù,入
ㄖㄨ˙,,　
ㄖㄨㄛ,,
ㄖㄨㄛˊ,ruó,挼
ㄖㄨㄛˇ,ruǒ,若
ㄖㄨㄛˋ,,　
ㄖㄨㄛ˙,,
ㄖㄨㄟ,,
ㄖㄨㄟˊ,rueí,蕤
ㄖㄨㄟˇ,rueǐ,蕊
ㄖㄨㄟˋ,rueì,瑞
ㄖㄨㄟ˙,,　
ㄖㄨㄢ,,
ㄖㄨㄢˊ,ruán,撋
ㄖㄨㄢˇ,ruǎn,軟
ㄖㄨㄢˋ,,　
ㄖㄨㄢ˙,,
ㄖㄨㄣ,run,犉
ㄖㄨㄣˊ,rún,瞤
ㄖㄨㄣˇ,,　
ㄖㄨㄣˋ,rùn,潤
ㄖㄨㄣ˙,,　
ㄖㄨㄥ,,
ㄖㄨㄥˊ,róng,容
ㄖㄨㄥˇ,rǒng,冗
ㄖㄨㄥˋ,,
ㄖㄨㄥ˙,,
(ㄖㄨㄧ),,
(ㄖㄨㄧˊ),ruí,蕤
(ㄖㄨㄧˇ),ruǐ,蕊
(ㄖㄨㄧˋ),ruì,瑞
(ㄖㄨㄧ˙),,　
ㄗ,zih,茲
ㄗˊ,,　
ㄗˇ,zǐh,紫
ㄗˋ,zìh,字
ㄗ˙,zịh,子
ㄗㄚ,za,紮
ㄗㄚˊ,zá,雜
ㄗㄚˇ,zǎ,鮺
ㄗㄚˋ,,　
ㄗㄚ˙,,　
ㄗㄜ,,
ㄗㄜˊ,zé,則
ㄗㄜˇ,zě,怎
ㄗㄜˋ,zè,仄
ㄗㄜ˙,,　
ㄗㄞ,zai,栽
ㄗㄞˊ,,　
ㄗㄞˇ,zaǐ,載
ㄗㄞˋ,zaì,在
ㄗㄞ˙,,　
ㄗㄟ,,
ㄗㄟˊ,zeí,賊
ㄗㄟˇ,,　
ㄗㄟˋ,,　
ㄗㄟ˙,,　
ㄗㄠ,zao,遭
ㄗㄠˊ,zaó,鑿
ㄗㄠˇ,zaǒ,早
ㄗㄠˋ,zaò,造
ㄗㄠ˙,,　
ㄗㄡ,zou,鄒
ㄗㄡˊ,,　
ㄗㄡˇ,zoǔ,走
ㄗㄡˋ,zoù,奏
ㄗㄡ˙,,　
ㄗㄢ,zan,簪
ㄗㄢˊ,zán,咱
ㄗㄢˇ,zǎn,攢
ㄗㄢˋ,zàn,讚
ㄗㄢ˙,,　
ㄗㄣ,zen,兂
ㄗㄣˊ,,　
ㄗㄣˇ,zěn,怎
ㄗㄣˋ,zèn,譖
ㄗㄣ˙,,　
ㄗㄤ,zang,臧
ㄗㄤˊ,,　
ㄗㄤˇ,zǎng,駔
ㄗㄤˋ,zàng,臟
ㄗㄤ˙,,　
ㄗㄥ,zeng,增
ㄗㄥˊ,,　
ㄗㄥˇ,,　
ㄗㄥˋ,zèng,贈
ㄗㄥ˙,,
(ㄗㄦ),,
(ㄗㄦˊ),zér,則
(ㄗㄦˇ),zěr,怎
(ㄗㄦˋ),zèr,仄
(ㄗㄦ˙),,　
ㄗㄨ,zu,租
ㄗㄨˊ,zú,族
ㄗㄨˇ,zǔ,組
ㄗㄨˋ,zù,駔
ㄗㄨ˙,,　
ㄗㄨㄛ,zuo,嘬
ㄗㄨㄛˊ,zuó,昨
ㄗㄨㄛˇ,zuǒ,左
ㄗㄨㄛˋ,zuò,作
ㄗㄨㄛ˙,,　
ㄗㄨㄟ,zuei,羧
ㄗㄨㄟˊ,,　
ㄗㄨㄟˇ,zueǐ,嘴
ㄗㄨㄟˋ,zueì,最
ㄗㄨㄟ˙,,　
ㄗㄨㄢ,zuan,鑽
ㄗㄨㄢˊ,,　
ㄗㄨㄢˇ,zuǎn,纂
ㄗㄨㄢˋ,zuàn,攥
ㄗㄨㄢ˙,,　
ㄗㄨㄣ,zun,尊
ㄗㄨㄣˊ,,　
ㄗㄨㄣˇ,zǔn,撙
ㄗㄨㄣˋ,zùn,圳
ㄗㄨㄣ˙,,
ㄗㄨㄥ,zong,宗
ㄗㄨㄥˊ,,　
ㄗㄨㄥˇ,zǒng,總
ㄗㄨㄥˋ,zòng,綜
ㄗㄨㄥ˙,,
(ㄗㄨㄧ),zui,羧
(ㄗㄨㄧˊ),,　
(ㄗㄨㄧˇ),zuǐ,嘴
(ㄗㄨㄧˋ),zuì,最
(ㄗㄨㄧ˙),,　
ㄘ,tsih,疵
ㄘˊ,tsíh,慈
ㄘˇ,tsǐh,此
ㄘˋ,tsìh,次
ㄘ˙,,
ㄘㄚ,tsa,擦
ㄘㄚˊ,,　
ㄘㄚˇ,tsǎ,礤
ㄘㄚˋ,tsà,囃
ㄘㄚ˙,,　
ㄘㄜ,,　
ㄘㄜˊ,,　
ㄘㄜˇ,,
ㄘㄜˋ,tsè,冊
ㄘㄜ˙,,　
ㄘㄞ,tsai,猜
ㄘㄞˊ,tsaí,才
ㄘㄞˇ,tsaǐ,採
ㄘㄞˋ,tsaì,菜
ㄘㄞ˙,,　
ㄘㄠ,tsao,操
ㄘㄠˊ,tsaó,曹
ㄘㄠˇ,tsaǒ,草
ㄘㄠˋ,tsaò,糙
ㄘㄠ˙,,　
ㄘㄡ,,　
ㄘㄡˊ,,　
ㄘㄡˇ,,
ㄘㄡˋ,tsoù,湊
ㄘㄡ˙,,　
ㄘㄢ,tsan,餐
ㄘㄢˊ,tsán,殘
ㄘㄢˇ,tsǎn,慘
ㄘㄢˋ,tsàn,燦
ㄘㄢ˙,,　
ㄘㄣ,tsen,參
ㄘㄣˊ,tsén,岑
ㄘㄣˇ,,　
ㄘㄣˋ,,　
ㄘㄣ˙,,　
ㄘㄤ,tsang,倉
ㄘㄤˊ,tsáng,藏
ㄘㄤˇ,,　
ㄘㄤˋ,,　
ㄘㄤ˙,,　
ㄘㄥ,tseng,噌
ㄘㄥˊ,tséng,層
ㄘㄥˇ,,　
ㄘㄥˋ,tsèng,蹭
ㄘㄥ˙,,
ㄘㄨ,tsu,粗
ㄘㄨˊ,tsú,殂
ㄘㄨˇ,,　
ㄘㄨˋ,tsù,促
ㄘㄨ˙,,　
ㄘㄨㄛ,tsuo,搓
ㄘㄨㄛˊ,tsuó,矬
ㄘㄨㄛˇ,tsuǒ,脞
ㄘㄨㄛˋ,tsuò,錯
ㄘㄨㄛ˙,,　
ㄘㄨㄟ,tsuei,摧
ㄘㄨㄟˊ,tsueí,凗
ㄘㄨㄟˇ,tsueǐ,璀
ㄘㄨㄟˋ,tsueì,翠
ㄘㄨㄟ˙,,　
ㄘㄨㄢ,tsuan,汆
ㄘㄨㄢˊ,tsuán,劗
ㄘㄨㄢˇ,,　
ㄘㄨㄢˋ,tsuàn,竄
ㄘㄨㄢ˙,,　
ㄘㄨㄣ,tsun,村
ㄘㄨㄣˊ,tsún,存
ㄘㄨㄣˇ,tsǔn,忖
ㄘㄨㄣˋ,tsùn,吋
ㄘㄨㄣ˙,,　
ㄘㄨㄥ,tsong,匆
ㄘㄨㄥˊ,tsóng,從
ㄘㄨㄥˇ,tsǒng,幒
ㄘㄨㄥˋ,tsǒng,欉
ㄘㄨㄥ˙,,
(ㄘㄨㄧ),tsui,摧
(ㄘㄨㄧˊ),tsuí,凗
(ㄘㄨㄧˇ),tsuǐ,璀
(ㄘㄨㄧˋ),tsuì,翠
(ㄘㄨㄧ˙),,　
ㄙ,sih,思
ㄙˊ,,　
ㄙˇ,sǐh,死
ㄙˋ,sìh,四
ㄙ˙,sịh,思
ㄙㄚ,sa,撒
ㄙㄚˊ,,　
ㄙㄚˇ,sǎ,灑
ㄙㄚˋ,sà,薩
ㄙㄚ˙,,　
ㄙㄜ,,　
ㄙㄜˊ,,　
ㄙㄜˇ,,
ㄙㄜˋ,sè,色
ㄙㄜ˙,,　
ㄙㄞ,sai,腮
ㄙㄞˊ,,　
ㄙㄞˇ,,　
ㄙㄞˋ,saì,賽
ㄙㄞ˙,,　
ㄙㄠ,sao,艘
ㄙㄠˊ,,　
ㄙㄠˇ,saǒ,掃
ㄙㄠˋ,saò,臊
ㄙㄠ˙,,　
ㄙㄡ,sou,搜
ㄙㄡˊ,,　
ㄙㄡˇ,soǔ,擻
ㄙㄡˋ,soù,嗽
ㄙㄡ˙,,　
ㄙㄢ,san,三
ㄙㄢˊ,,　
ㄙㄢˇ,sǎn,傘
ㄙㄢˋ,sàn,散
ㄙㄢ˙,,　
ㄙㄣ,sen,森
ㄙㄣˊ,,　
ㄙㄣˇ,,　
ㄙㄣˋ,,　
ㄙㄣ˙,,　
ㄙㄤ,sang,桑
ㄙㄤˊ,,　
ㄙㄤˇ,sǎng,嗓
ㄙㄤˋ,sàng,喪
ㄙㄤ˙,,　
ㄙㄥ,seng,僧
ㄙㄥˊ,,　
ㄙㄥˇ,,　
ㄙㄥˋ,,　
ㄙㄥ˙,,
ㄙㄨ,su,蘇
ㄙㄨˊ,sú,俗
ㄙㄨˇ,,　
ㄙㄨˋ,sù,速
ㄙㄨ˙,,　
ㄙㄨㄛ,suo,縮
ㄙㄨㄛˊ,,　
ㄙㄨㄛˇ,suǒ,所
ㄙㄨㄛˋ,suò,逤
ㄙㄨㄛ˙,,　
ㄙㄨㄟ,suei,雖
ㄙㄨㄟˊ,sueí,隨
ㄙㄨㄟˇ,sueǐ,髓
ㄙㄨㄟˋ,sueì,歲
ㄙㄨㄟ˙,,　
ㄙㄨㄢ,suan,酸
ㄙㄨㄢˊ,,　
ㄙㄨㄢˇ,suǎn,匴
ㄙㄨㄢˋ,suàn,算
ㄙㄨㄢ˙,,　
ㄙㄨㄣ,sun,孫
ㄙㄨㄣˊ,,　
ㄙㄨㄣˇ,sǔn,損
ㄙㄨㄣˋ,sùn,愻
ㄙㄨㄣ˙,,　
ㄙㄨㄥ,song,松
ㄙㄨㄥˊ,,　
ㄙㄨㄥˇ,sǒng,聳
ㄙㄨㄥˋ,sòng,送
ㄙㄨㄥ˙,,
(ㄙㄨㄧ),sui,雖
(ㄙㄨㄧˊ),suí,隨
(ㄙㄨㄧˇ),suǐ,髓
(ㄙㄨㄧˋ),suì,歲
(ㄙㄨㄧ˙),,　
ㄚ,a,阿
ㄚˊ,á,嗄
ㄚˇ,,
ㄚˋ,à,阿
ㄚ˙,ạ,啊
ㄛ,o,喔
ㄛˊ,ó,哦
ㄛˇ,,
ㄛˋ,,
ㄛ˙,,
ㄜ,e,婀
ㄜˊ,é,額
ㄜˇ,ě,噁
ㄜˋ,è,俄
ㄜ˙,ẹ,呃
ㄝ,,
ㄝˊ,,
ㄝˇ,,
ㄝˋ,èh,誒
ㄝ˙,,
ㄞ,ai,挨
ㄞˊ,aí,皚
ㄞˇ,aǐ,矮
ㄞˋ,aì,愛
ㄞ˙,aị,唉
ㄟ,,
ㄟˊ,,
ㄟˇ,,
ㄟˋ,eì,欸
ㄟ˙,,
ㄠ,ao,凹
ㄠˊ,aó,敖
ㄠˇ,aǒ,襖
ㄠˋ,aò,奧
ㄠ˙,aọ,噢
ㄡ,ou,歐
ㄡˊ,oú,吽
ㄡˇ,oǔ,偶
ㄡˋ,où,嘔
ㄡ˙,oụ,噢
ㄢ,an,安
ㄢˊ,án,玵
ㄢˇ,ǎn,俺
ㄢˋ,àn,按
ㄢ˙,,
ㄣ,en,恩
ㄣˊ,,
ㄣˇ,,
ㄣˋ,èn,摁
ㄣ˙,,
ㄤ,ang,骯
ㄤˊ,áng,昂
ㄤˇ,ǎng,軮
ㄤˋ,àng,盎
ㄤ˙,,
ㄥ,eng,鞥
ㄥˊ,,
ㄥˇ,,
ㄥˋ,,
ㄥ˙,,
ㄦ,er,兒
ㄦˊ,ér,而
ㄦˇ,ěr,爾
ㄦˋ,èr,二
ㄦ˙,,
ㄧ,yi,一
ㄧˊ,yí,宜
ㄧˇ,yǐ,以
ㄧˋ,yì,義
ㄧ˙,,　
ㄧㄚ,ya,壓
ㄧㄚˊ,yá,牙
ㄧㄚˇ,yǎ,雅
ㄧㄚˋ,yà,訝
ㄧㄚ˙,yạ,呀
ㄧㄛ,,
ㄧㄛˊ,yo,唷
ㄧㄛˇ,,　
ㄧㄛˋ,,　
ㄧㄛ˙,,　
ㄧㄝ,yeh,耶
ㄧㄝˊ,yéh,爺
ㄧㄝˇ,yěh,也
ㄧㄝˋ,yèh,頁
ㄧㄝ˙,yẹh,爺
ㄧㄞ,,
ㄧㄞˊ,yaí,崖
ㄧㄞˇ,,　
ㄧㄞˋ,,　
ㄧㄞ˙,,　
ㄧㄠ,yao,邀
ㄧㄠˊ,yaó,窯
ㄧㄠˇ,yaǒ,咬
ㄧㄠˋ,yaò,要
ㄧㄠ˙,yaọ,哟
ㄧㄡ,you,悠
ㄧㄡˊ,yoú,由
ㄧㄡˇ,yoǔ,有
ㄧㄡˋ,yoù,又
ㄧㄡ˙,,　
ㄧㄢ,yan,煙
ㄧㄢˊ,yán,言
ㄧㄢˇ,yǎn,演
ㄧㄢˋ,yàn,驗
ㄧㄢ˙,,　
ㄧㄣ,yin,音
ㄧㄣˊ,yín,銀
ㄧㄣˇ,yǐn,引
ㄧㄣˋ,yìn,印
ㄧㄣ˙,,　
ㄧㄤ,yang,央
ㄧㄤˊ,yáng,洋
ㄧㄤˇ,yǎng,養
ㄧㄤˋ,yàng,樣
ㄧㄤ˙,,　
ㄧㄥ,ying,英
ㄧㄥˊ,yíng,營
ㄧㄥˇ,yǐng,影
ㄧㄥˋ,yìng,映
ㄧㄥ˙,,
(ㄧㄨ),yiu,悠
(ㄧㄨˊ),yiú,由
(ㄧㄨˇ),yiǔ,有
(ㄧㄨˋ),yiù,又
(ㄧㄨ˙),,　
ㄨ,wu,屋
ㄨˊ,wú,吳
ㄨˇ,wǔ,五
ㄨˋ,wù,物
ㄨ˙,,　
ㄨㄚ,wa,哇
ㄨㄚˊ,wá,娃
ㄨㄚˇ,wǎ,瓦
ㄨㄚˋ,wà,襪
ㄨㄚ˙,,　
ㄨㄛ,wo,窩
ㄨㄛˊ,,　
ㄨㄛˇ,wǒ,我
ㄨㄛˋ,wò,握
ㄨㄛ˙,,　
(ㄨㄜㄣ),,
(ㄨㄜㄣˊ),,
(ㄨㄜㄣˇ),,
(ㄨㄜㄣˋ),,
(ㄨㄜㄣ˙),,
ㄨㄞ,wai,歪
ㄨㄞˊ,,　
ㄨㄞˇ,waǐ,歪
ㄨㄞˋ,waì,外
ㄨㄞ˙,,　
ㄨㄟ,wei,威
ㄨㄟˊ,weí,為
ㄨㄟˇ,weǐ,偉
ㄨㄟˋ,weì,味
ㄨㄟ˙,,　
ㄨㄢ,wan,彎
ㄨㄢˊ,wán,完
ㄨㄢˇ,wǎn,晚
ㄨㄢˋ,wàn,萬
ㄨㄢ˙,,　
ㄨㄣ,wun,溫
ㄨㄣˊ,wún,文
ㄨㄣˇ,wǔn,穩
ㄨㄣˋ,wùn,問
ㄨㄣ˙,,　
ㄨㄤ,wang,汪
ㄨㄤˊ,wáng,王
ㄨㄤˇ,wǎng,網
ㄨㄤˋ,wàng,望
ㄨㄤ˙,,　
ㄨㄥ,wong,翁
ㄨㄥˊ,,　
ㄨㄥˇ,wǒng,蓊
ㄨㄥˋ,wòng,甕
ㄨㄥ˙,,　
(ㄨㄧ),wui,威
(ㄨㄧˊ),wuí,為
(ㄨㄧˇ),wuǐ,偉
(ㄨㄧˋ),wuì,味
(ㄨㄧ˙),,　
ㄩ,yu,淤
ㄩˊ,yú,余
ㄩˇ,yǔ,與
ㄩˋ,yù,郁
ㄩ˙,,　
ㄩㄝ,yueh,約
ㄩㄝˊ,,　
ㄩㄝˇ,,　
ㄩㄝˋ,yuèh,月
ㄩㄝ˙,,　
ㄩㄢ,yuan,淵
ㄩㄢˊ,yuán,元
ㄩㄢˇ,yuǎn,遠
ㄩㄢˋ,yuàn,院
ㄩㄢ˙,,　
ㄩㄣ,yun,暈
ㄩㄣˊ,yún,雲
ㄩㄣˇ,yǔn,允
ㄩㄣˋ,yùn,運
ㄩㄣ˙,,　
ㄩㄥ,yong,庸
ㄩㄥˊ,yóng,嫆
ㄩㄥˇ,yǒng,永
ㄩㄥˋ,yòng,用
ㄩㄥ˙,,
